20211224_185933_jpg.rf.08690b6c03d99d57aa1397f08067ce4c.jpg,77,122,309,298,Exercise Balls
20211224_185438_jpg.rf.090fcc1ae4c9d1ebd286eb6b9d44566f.jpg,201,101,330,246,Kettlebell
20211224_180322_jpg.rf.0c5a6b894f5ef1a454e2fe7486e78be3.jpg,143,84,290,227,null
20211224_180322_jpg.rf.0c5a6b894f5ef1a454e2fe7486e78be3.jpg,217,92,274,152,null
20211224_180322_jpg.rf.0c5a6b894f5ef1a454e2fe7486e78be3.jpg,239,53,259,98,null
20211224_180322_jpg.rf.0c5a6b894f5ef1a454e2fe7486e78be3.jpg,304,51,343,146,null
20211224_180322_jpg.rf.0c5a6b894f5ef1a454e2fe7486e78be3.jpg,158,210,241,250,null
20211224_181128_jpg.rf.0d3fcb4f7b810a6c57a02bf1864b61d3.jpg,64,101,310,401,Assisted Pull Up and Dip Machine
20211224_181128_jpg.rf.0d3fcb4f7b810a6c57a02bf1864b61d3.jpg,227,318,265,397,Assisted Pull Up and Dip Machine
20211226_131215_jpg.rf.09d6266af33330283c499ca6e9e8eef6.jpg,95,17,325,335,null
20211226_131215_jpg.rf.09d6266af33330283c499ca6e9e8eef6.jpg,259,136,347,228,null
20211226_131215_jpg.rf.09d6266af33330283c499ca6e9e8eef6.jpg,242,20,317,114,null
20211224_185454_jpg.rf.0ec952a8f2484ffb5ff0b3fba0e51ad6.jpg,118,125,231,229,Kettlebell
20211226_131239_jpg.rf.057887b79c2f2eb0ab7ede1fbcf3f8d1.jpg,143,45,145,46,null
20211226_131239_jpg.rf.057887b79c2f2eb0ab7ede1fbcf3f8d1.jpg,159,33,355,347,null
20211226_130645_jpg.rf.03d1504cff31efe52e58931d848d3cea.jpg,109,164,319,321,Exercise Balls
20211224_180735_jpg.rf.0d02c8619d35cccbf9abdc85210b9674.jpg,78,92,374,253,null
20211224_180735_jpg.rf.0d02c8619d35cccbf9abdc85210b9674.jpg,166,258,278,308,null
20211224_180735_jpg.rf.0d02c8619d35cccbf9abdc85210b9674.jpg,260,60,277,135,null
20211224_180735_jpg.rf.0d02c8619d35cccbf9abdc85210b9674.jpg,145,58,165,106,null
20211224_190044_jpg.rf.10af4c6bf0413c0185a1eb6a8d1c059a.jpg,92,82,316,252,Exercise Balls
20211224_181043_jpg.rf.08cadd9c79abcf77368d8c8e0c7cda7b.jpg,119,182,195,361,Assisted Pull Up and Dip Machine
20211224_181043_jpg.rf.08cadd9c79abcf77368d8c8e0c7cda7b.jpg,222,88,279,211,Assisted Pull Up and Dip Machine
20211224_181043_jpg.rf.08cadd9c79abcf77368d8c8e0c7cda7b.jpg,232,244,289,342,Assisted Pull Up and Dip Machine
20211224_181043_jpg.rf.08cadd9c79abcf77368d8c8e0c7cda7b.jpg,169,205,237,227,Assisted Pull Up and Dip Machine
20211224_181043_jpg.rf.08cadd9c79abcf77368d8c8e0c7cda7b.jpg,100,88,316,111,Assisted Pull Up and Dip Machine
20211224_185450_jpg.rf.0f48d6b62ad2d6786cff37e970a34ec5.jpg,168,100,315,251,Kettlebell
20211224_190049_jpg.rf.10f6ff5bd04b68b1aec5166eae8ebcea.jpg,61,115,361,339,Exercise Balls
20211224_180407_jpg.rf.1410238c2bdbe1306b3aaf686863203e.jpg,89,53,353,283,null
20211224_180407_jpg.rf.1410238c2bdbe1306b3aaf686863203e.jpg,155,56,168,107,null
20211226_131242_jpg.rf.142dcabc96b6c296bed4f1f64e6444f2.jpg,166,64,341,271,null
20211226_131242_jpg.rf.142dcabc96b6c296bed4f1f64e6444f2.jpg,298,44,318,94,null
20211226_131242_jpg.rf.142dcabc96b6c296bed4f1f64e6444f2.jpg,218,52,264,105,null
20211224_185529_jpg.rf.1044d5cee11ddb31061f60de02b93f46.jpg,179,116,277,232,Kettlebell
20211224_180410_jpg.rf.1a8cb34dc1091f83013e03de0b073ad0.jpg,93,67,343,229,null
20211224_180410_jpg.rf.1a8cb34dc1091f83013e03de0b073ad0.jpg,153,66,166,101,null
20211224_180410_jpg.rf.1a8cb34dc1091f83013e03de0b073ad0.jpg,170,240,266,282,null
20211226_130633_jpg.rf.16a8fab2d7a40fedcda43b5993a9f008.jpg,120,153,345,323,Exercise Balls
20211224_180739_jpg.rf.1d6a3bebc59b2c418d33bc60c9e908dc.jpg,204,107,387,223,null
20211224_180739_jpg.rf.1d6a3bebc59b2c418d33bc60c9e908dc.jpg,348,98,358,130,null
20211224_180739_jpg.rf.1d6a3bebc59b2c418d33bc60c9e908dc.jpg,269,100,279,147,null
20211224_180739_jpg.rf.1d6a3bebc59b2c418d33bc60c9e908dc.jpg,253,229,328,254,null
20211224_180916_jpg.rf.1b929fb8a7de3aeb0ff9f04539573ca6.jpg,111,12,332,357,Assisted Pull Up and Dip Machine
20211224_180916_jpg.rf.1b929fb8a7de3aeb0ff9f04539573ca6.jpg,203,171,271,191,Assisted Pull Up and Dip Machine
20211226_130632_jpg.rf.1d822b0cfb0e9d4ec4dd7b9892c16651.jpg,154,143,355,293,Exercise Balls
20211224_181054_jpg.rf.22d5bb462114e0ad3fdd562a8992723f.jpg,40,27,295,350,Assisted Pull Up and Dip Machine
20211224_181054_jpg.rf.22d5bb462114e0ad3fdd562a8992723f.jpg,198,256,289,345,Assisted Pull Up and Dip Machine
20211224_181056_jpg.rf.247021d3ffb6393b8eb3839324201c90.jpg,27,19,278,193,Assisted Pull Up and Dip Machine
20211224_181056_jpg.rf.247021d3ffb6393b8eb3839324201c90.jpg,126,178,225,194,Assisted Pull Up and Dip Machine
20211224_181056_jpg.rf.247021d3ffb6393b8eb3839324201c90.jpg,97,262,285,381,Assisted Pull Up and Dip Machine
20211226_130611_jpg.rf.1bdbd94ec71d96f93f5f59dd512ead21.jpg,110,108,354,292,Exercise Balls
20211224_180858_jpg.rf.1e40a75ddfe3c72e07292cc511202da2.jpg,40,20,284,336,Assisted Pull Up and Dip Machine
20211224_180858_jpg.rf.1e40a75ddfe3c72e07292cc511202da2.jpg,135,159,213,178,Assisted Pull Up and Dip Machine
20211226_131222_jpg.rf.3378586a83fb3423db613b583a786ce1.jpg,148,58,338,312,null
20211226_131222_jpg.rf.3378586a83fb3423db613b583a786ce1.jpg,171,23,200,116,null
20211226_131222_jpg.rf.3378586a83fb3423db613b583a786ce1.jpg,229,148,311,227,null
20211226_131222_jpg.rf.3378586a83fb3423db613b583a786ce1.jpg,149,145,187,268,null
20211226_131222_jpg.rf.3378586a83fb3423db613b583a786ce1.jpg,243,128,327,147,null
20211224_180440_jpg.rf.28da1658cde28e633659714b0db14918.jpg,92,71,316,250,null
20211224_180440_jpg.rf.28da1658cde28e633659714b0db14918.jpg,301,71,318,131,null
20211224_180440_jpg.rf.28da1658cde28e633659714b0db14918.jpg,297,131,345,174,null
20211224_180440_jpg.rf.28da1658cde28e633659714b0db14918.jpg,173,254,267,305,null
20211226_130647_jpg.rf.2f648d22495ac70d1f918ad4aa6d4410.jpg,116,164,330,327,Exercise Balls
20211226_131225_jpg.rf.2a319d7da4cb9a97cad669b74f195333.jpg,119,1,335,313,null
20211226_131225_jpg.rf.2a319d7da4cb9a97cad669b74f195333.jpg,236,112,308,181,null
20211224_185927_jpg.rf.372fb5ac79a26b0d98b0736d7cb4ac11.jpg,142,85,285,192,Exercise Balls
20211224_180721_jpg.rf.3516d46f09035a174290960ac04f1337.jpg,41,81,318,240,null
20211224_180721_jpg.rf.3516d46f09035a174290960ac04f1337.jpg,143,57,174,128,null
20211224_180721_jpg.rf.3516d46f09035a174290960ac04f1337.jpg,258,52,273,94,null
20211224_180721_jpg.rf.3516d46f09035a174290960ac04f1337.jpg,138,252,245,308,null
20211224_181126_jpg.rf.162658be0dceaa9b8b68d100400cffff.jpg,92,95,338,398,Assisted Pull Up and Dip Machine
20211224_181126_jpg.rf.162658be0dceaa9b8b68d100400cffff.jpg,167,232,249,256,Assisted Pull Up and Dip Machine
20211224_181126_jpg.rf.162658be0dceaa9b8b68d100400cffff.jpg,213,296,296,395,Assisted Pull Up and Dip Machine
20211224_190014_jpg.rf.324565c40afb0afbabe2a25dcf20d01c.jpg,64,68,317,259,Exercise Balls
20211224_180341_jpg.rf.337d138c613997c8b399691a2dc085e7.jpg,102,82,346,311,null
20211224_180341_jpg.rf.337d138c613997c8b399691a2dc085e7.jpg,167,54,179,96,null
20211224_180341_jpg.rf.337d138c613997c8b399691a2dc085e7.jpg,261,62,271,100,null
20211224_180341_jpg.rf.337d138c613997c8b399691a2dc085e7.jpg,275,100,276,102,null
20211224_185443_jpg.rf.2b25619e6d482c706bbd99c7645fa0cf.jpg,140,127,283,295,Kettlebell
20211224_181053_jpg.rf.3c10554b4d1a6025e26250adb95440af.jpg,89,16,358,364,Assisted Pull Up and Dip Machine
20211224_181053_jpg.rf.3c10554b4d1a6025e26250adb95440af.jpg,190,165,276,191,Assisted Pull Up and Dip Machine
20211224_181053_jpg.rf.3c10554b4d1a6025e26250adb95440af.jpg,286,257,325,275,Assisted Pull Up and Dip Machine
20211226_131226_jpg.rf.3dd4f3880b536381cbf13709a54d6ceb.jpg,108,5,332,334,null
20211226_131226_jpg.rf.3dd4f3880b536381cbf13709a54d6ceb.jpg,234,121,329,206,null
20211226_130658_jpg.rf.3d5f8a32266542632f85959b1c08fd60.jpg,161,160,300,264,Exercise Balls
20211224_185520_jpg.rf.3a93961dc62bfedb6bded148e103c4df.jpg,117,72,271,231,Kettlebell
20211224_180838_jpg.rf.244351322b6c3b6e7299a0488cc678bc.jpg,82,67,246,364,Assisted Pull Up and Dip Machine
20211224_180838_jpg.rf.244351322b6c3b6e7299a0488cc678bc.jpg,217,258,285,342,Assisted Pull Up and Dip Machine
20211224_180838_jpg.rf.244351322b6c3b6e7299a0488cc678bc.jpg,254,74,286,91,Assisted Pull Up and Dip Machine
20211224_180838_jpg.rf.244351322b6c3b6e7299a0488cc678bc.jpg,165,195,239,215,Assisted Pull Up and Dip Machine
20211224_185950_jpg.rf.36df3da77554d5e97682bdb84541ab10.jpg,128,95,294,225,Exercise Balls
20211226_130626_jpg.rf.39e0072ba4724bfefde260dff3e4eccc.jpg,150,101,344,246,Exercise Balls
20211224_190036_jpg.rf.437d5c1ecc5c34f5fd5beed8e42fc5d1.jpg,137,94,362,264,Exercise Balls
20211224_181104_jpg.rf.41d0fe6c8cf2df36c1ac3ce3ebe0e244.jpg,112,10,278,369,Assisted Pull Up and Dip Machine
20211224_181104_jpg.rf.41d0fe6c8cf2df36c1ac3ce3ebe0e244.jpg,236,238,313,306,Assisted Pull Up and Dip Machine
20211224_181031_jpg.rf.44f96aa19093f0a21f5960e5c19e5424.jpg,107,79,302,377,Assisted Pull Up and Dip Machine
20211224_181031_jpg.rf.44f96aa19093f0a21f5960e5c19e5424.jpg,181,208,263,230,Assisted Pull Up and Dip Machine
20211224_181031_jpg.rf.44f96aa19093f0a21f5960e5c19e5424.jpg,185,271,319,356,Assisted Pull Up and Dip Machine
20211224_181031_jpg.rf.44f96aa19093f0a21f5960e5c19e5424.jpg,139,306,225,394,Assisted Pull Up and Dip Machine
20211224_181031_jpg.rf.44f96aa19093f0a21f5960e5c19e5424.jpg,241,276,289,294,Assisted Pull Up and Dip Machine
20211226_131244_jpg.rf.3fbeba5ff93d80421f532c3e1607d5cb.jpg,150,79,350,318,null
20211226_131244_jpg.rf.3fbeba5ff93d80421f532c3e1607d5cb.jpg,265,79,300,114,null
20211226_131244_jpg.rf.3fbeba5ff93d80421f532c3e1607d5cb.jpg,305,50,325,113,null
20211226_131244_jpg.rf.3fbeba5ff93d80421f532c3e1607d5cb.jpg,210,63,262,124,null
20211224_185936_jpg.rf.3eddefa9b80c35f725aed46533387fb6.jpg,165,113,338,244,Exercise Balls
20211224_180851_jpg.rf.3eda8984d8bccdd8449c86a054904b5f.jpg,95,78,309,266,Assisted Pull Up and Dip Machine
20211224_180851_jpg.rf.3eda8984d8bccdd8449c86a054904b5f.jpg,190,191,229,200,Assisted Pull Up and Dip Machine
20211224_180851_jpg.rf.3eda8984d8bccdd8449c86a054904b5f.jpg,157,198,228,214,Assisted Pull Up and Dip Machine
20211224_180851_jpg.rf.3eda8984d8bccdd8449c86a054904b5f.jpg,108,260,229,351,Assisted Pull Up and Dip Machine
20211224_180851_jpg.rf.3eda8984d8bccdd8449c86a054904b5f.jpg,230,292,266,362,Assisted Pull Up and Dip Machine
20211224_180851_jpg.rf.3eda8984d8bccdd8449c86a054904b5f.jpg,232,275,263,293,Assisted Pull Up and Dip Machine
20211224_180306_jpg.rf.4437cd6113fc46ae80c2c1b5e97d162b.jpg,109,82,313,218,null
20211224_180306_jpg.rf.4437cd6113fc46ae80c2c1b5e97d162b.jpg,175,221,254,249,null
20211224_180306_jpg.rf.4437cd6113fc46ae80c2c1b5e97d162b.jpg,267,104,272,107,null
20211226_130648_jpg.rf.4bada82ddd2b7141cf34a55f3f37476b.jpg,128,179,319,324,Exercise Balls
20211224_180431_jpg.rf.45cbb913f923bc4b0378fc3d5b3a646e.jpg,27,39,389,251,null
20211224_180431_jpg.rf.45cbb913f923bc4b0378fc3d5b3a646e.jpg,116,45,140,108,null
20211224_180431_jpg.rf.45cbb913f923bc4b0378fc3d5b3a646e.jpg,155,266,272,328,null
20211226_130659_jpg.rf.4d4a321e5cf2aff193c0c2a560fd4ae2.jpg,172,153,338,278,Exercise Balls
20211226_130637_jpg.rf.38a4dc03ec1e5d458d865c7dfabf684c.jpg,143,132,294,245,Exercise Balls
20211224_181034_jpg.rf.4b7da81c944a1402b8a441dc9a569b2e.jpg,96,77,304,301,Assisted Pull Up and Dip Machine
20211224_181034_jpg.rf.4b7da81c944a1402b8a441dc9a569b2e.jpg,181,196,256,225,Assisted Pull Up and Dip Machine
20211224_181034_jpg.rf.4b7da81c944a1402b8a441dc9a569b2e.jpg,176,265,309,354,Assisted Pull Up and Dip Machine
20211224_181034_jpg.rf.4b7da81c944a1402b8a441dc9a569b2e.jpg,146,287,221,357,Assisted Pull Up and Dip Machine
20211224_185413_jpg.rf.4c17bab17598ef69d2873632d806d5c7.jpg,183,136,304,262,Kettlebell
20211224_185957_jpg.rf.4b20f6ddf1b842c63f3c9912aee14391.jpg,131,76,326,226,Exercise Balls
20211224_180914_jpg.rf.550123a5d72fd55a7dbbccd3a73c7e76.jpg,74,5,320,370,Assisted Pull Up and Dip Machine
20211224_180914_jpg.rf.550123a5d72fd55a7dbbccd3a73c7e76.jpg,183,170,257,191,Assisted Pull Up and Dip Machine
20211224_180717_jpg.rf.5859f3cb0bf05d31612401616473dfce.jpg,116,112,298,323,null
20211224_180717_jpg.rf.5859f3cb0bf05d31612401616473dfce.jpg,97,103,140,145,null
20211224_180717_jpg.rf.5859f3cb0bf05d31612401616473dfce.jpg,204,72,225,119,null
20211224_180717_jpg.rf.5859f3cb0bf05d31612401616473dfce.jpg,272,71,297,144,null
20211224_180316_jpg.rf.50641b654d16a12192d470cd70258b41.jpg,112,75,290,214,null
20211224_180316_jpg.rf.50641b654d16a12192d470cd70258b41.jpg,195,60,218,103,null
20211224_180316_jpg.rf.50641b654d16a12192d470cd70258b41.jpg,271,65,285,101,null
20211224_180316_jpg.rf.50641b654d16a12192d470cd70258b41.jpg,171,204,241,232,null
20211224_185507_jpg.rf.496b0685ab975bbc426d761d816ee327.jpg,161,121,248,211,Kettlebell
20211226_131212_jpg.rf.58ef07a4babef27284f756560485d43b.jpg,129,19,319,325,null
20211226_131212_jpg.rf.58ef07a4babef27284f756560485d43b.jpg,118,201,145,275,null
20211226_131212_jpg.rf.58ef07a4babef27284f756560485d43b.jpg,280,137,327,219,null
20211224_181120_jpg.rf.4ba54248a380eeee8ef2c084eaf1a520.jpg,116,95,335,393,Assisted Pull Up and Dip Machine
20211224_181120_jpg.rf.4ba54248a380eeee8ef2c084eaf1a520.jpg,201,230,283,255,Assisted Pull Up and Dip Machine
20211224_181120_jpg.rf.4ba54248a380eeee8ef2c084eaf1a520.jpg,162,324,211,379,Assisted Pull Up and Dip Machine
20211224_181120_jpg.rf.4ba54248a380eeee8ef2c084eaf1a520.jpg,177,371,228,411,Assisted Pull Up and Dip Machine
20211224_181120_jpg.rf.4ba54248a380eeee8ef2c084eaf1a520.jpg,297,35,302,40,Assisted Pull Up and Dip Machine
20211226_131220_jpg.rf.5ae50bdfc062192061d09bc7860b74ae.jpg,117,60,241,194,null
20211226_131220_jpg.rf.5ae50bdfc062192061d09bc7860b74ae.jpg,235,42,295,108,null
20211226_131220_jpg.rf.5ae50bdfc062192061d09bc7860b74ae.jpg,124,134,328,349,null
20211226_130613_jpg.rf.5bb196cdf289cdc71ad40046b65094c9.jpg,171,118,350,250,Exercise Balls
20211224_185516_jpg.rf.5c1321f393f25b92311575507f056910.jpg,77,108,298,304,Kettlebell
20211224_185426_jpg.rf.646191c5973e27fa9b22614f2f52d617.jpg,159,171,258,281,Kettlebell
20211224_190105_jpg.rf.5a61e6145e8ed0ce0ed8bf26f31f288a.jpg,132,88,320,231,Exercise Balls
20211224_185445_jpg.rf.62968f72cfeea68fbf3fff31ca82c360.jpg,165,127,307,292,Kettlebell
20211224_180900_jpg.rf.58e85c20702f70f443375a0a78fb1553.jpg,70,22,202,315,Assisted Pull Up and Dip Machine
20211224_180900_jpg.rf.58e85c20702f70f443375a0a78fb1553.jpg,102,159,186,173,Assisted Pull Up and Dip Machine
20211224_180900_jpg.rf.58e85c20702f70f443375a0a78fb1553.jpg,174,234,246,314,Assisted Pull Up and Dip Machine
20211224_180900_jpg.rf.58e85c20702f70f443375a0a78fb1553.jpg,150,19,236,51,Assisted Pull Up and Dip Machine
20211224_180900_jpg.rf.58e85c20702f70f443375a0a78fb1553.jpg,29,7,79,24,Assisted Pull Up and Dip Machine
20211224_180333_jpg.rf.5c612a7b6295ceffaa8d59a046d835ae.jpg,124,42,344,326,null
20211224_180333_jpg.rf.5c612a7b6295ceffaa8d59a046d835ae.jpg,314,17,351,119,null
20211224_180333_jpg.rf.5c612a7b6295ceffaa8d59a046d835ae.jpg,246,39,259,69,null
20211224_180726_jpg.rf.57cc646bb5969b0fcae14b17047933f9.jpg,73,51,294,205,null
20211224_180726_jpg.rf.57cc646bb5969b0fcae14b17047933f9.jpg,107,46,119,73,null
20211224_180726_jpg.rf.57cc646bb5969b0fcae14b17047933f9.jpg,144,213,233,255,null
20211224_185435_jpg.rf.3c2258149b8bd38f910efd820849a063.jpg,207,91,337,236,Kettlebell
20211226_130615_jpg.rf.67c917e47d68bc8008a6380322a9397c.jpg,72,149,297,321,Exercise Balls
20211224_185953_jpg.rf.649bd343a898df1208b93d764064fd68.jpg,111,125,330,293,Exercise Balls
20211224_185416_jpg.rf.61e84f6547812e8cce94344b527d9090.jpg,145,151,269,270,Kettlebell
20211224_181028_jpg.rf.5f752ff496aa092f3ee05d8a323845d3.jpg,117,80,347,356,Assisted Pull Up and Dip Machine
20211224_181028_jpg.rf.5f752ff496aa092f3ee05d8a323845d3.jpg,209,209,279,238,Assisted Pull Up and Dip Machine
20211224_181028_jpg.rf.5f752ff496aa092f3ee05d8a323845d3.jpg,213,357,274,390,Assisted Pull Up and Dip Machine
20211224_180337_jpg.rf.5e3fd0f6bdaee1adc83edf4db7bfe6c1.jpg,98,103,278,252,null
20211224_180337_jpg.rf.5e3fd0f6bdaee1adc83edf4db7bfe6c1.jpg,192,78,208,120,null
20211224_180337_jpg.rf.5e3fd0f6bdaee1adc83edf4db7bfe6c1.jpg,274,76,290,124,null
20211224_180337_jpg.rf.5e3fd0f6bdaee1adc83edf4db7bfe6c1.jpg,266,107,284,119,null
20211224_180337_jpg.rf.5e3fd0f6bdaee1adc83edf4db7bfe6c1.jpg,151,232,234,265,null
20211226_130700_jpg.rf.698601de90b2b07e02eefb9f78c1acda.jpg,151,167,324,297,Exercise Balls
20211224_181051_jpg.rf.5362cc51250c5762609b398e0177757d.jpg,117,64,362,390,Assisted Pull Up and Dip Machine
20211224_181051_jpg.rf.5362cc51250c5762609b398e0177757d.jpg,280,281,351,387,Assisted Pull Up and Dip Machine
20211224_181051_jpg.rf.5362cc51250c5762609b398e0177757d.jpg,194,204,278,225,Assisted Pull Up and Dip Machine
20211226_131214_jpg.rf.6d062d94b560cd6b6cdf48a2bf4b8947.jpg,115,20,362,336,null
20211226_131214_jpg.rf.6d062d94b560cd6b6cdf48a2bf4b8947.jpg,257,15,327,115,null
20211226_131214_jpg.rf.6d062d94b560cd6b6cdf48a2bf4b8947.jpg,305,148,336,218,null
20211226_130646_jpg.rf.6f4456fda9665facb7ea233e6c289d91.jpg,110,170,310,321,Exercise Balls
20211224_180834_jpg.rf.6cd09e3a6d17f3a11236bc546636ce71.jpg,81,43,311,333,Assisted Pull Up and Dip Machine
20211224_180834_jpg.rf.6cd09e3a6d17f3a11236bc546636ce71.jpg,180,180,257,206,Assisted Pull Up and Dip Machine
20211224_180834_jpg.rf.6cd09e3a6d17f3a11236bc546636ce71.jpg,143,270,210,353,Assisted Pull Up and Dip Machine
20211224_185514_jpg.rf.6e33ff25464e3cd03cc6399ea326422e.jpg,138,106,258,248,Kettlebell
20211224_181102_jpg.rf.7346b8559d8d9f6d317acf14629fed89.jpg,125,11,330,351,Assisted Pull Up and Dip Machine
20211224_181102_jpg.rf.7346b8559d8d9f6d317acf14629fed89.jpg,237,171,277,185,Assisted Pull Up and Dip Machine
20211224_181102_jpg.rf.7346b8559d8d9f6d317acf14629fed89.jpg,242,244,306,277,Assisted Pull Up and Dip Machine
20211224_180840_jpg.rf.689f358849cb2e498a51703d8e25b33b.jpg,86,74,307,362,Assisted Pull Up and Dip Machine
20211224_180840_jpg.rf.689f358849cb2e498a51703d8e25b33b.jpg,163,197,235,216,Assisted Pull Up and Dip Machine
20211224_180840_jpg.rf.689f358849cb2e498a51703d8e25b33b.jpg,216,239,290,355,Assisted Pull Up and Dip Machine
20211226_131246_jpg.rf.772566188bd992b82cf7604365a4e7e5.jpg,135,40,314,270,null
20211226_131246_jpg.rf.772566188bd992b82cf7604365a4e7e5.jpg,263,29,290,104,null
20211226_130624_jpg.rf.6dedc2ee57ef3e072af2176db3e46665.jpg,90,133,312,299,Exercise Balls
20211224_180819_jpg.rf.6cde6a852c7159fe8f5dfd8ff361812a.jpg,144,18,304,358,Assisted Pull Up and Dip Machine
20211224_180819_jpg.rf.6cde6a852c7159fe8f5dfd8ff361812a.jpg,263,248,341,315,Assisted Pull Up and Dip Machine
20211226_131238_jpg.rf.7324898036ba58bf2b97386472a7cfee.jpg,173,60,357,335,null
20211226_131238_jpg.rf.7324898036ba58bf2b97386472a7cfee.jpg,312,32,338,97,null
20211224_185945_jpg.rf.7970eeabdda4a13f72ad33440c3044e8.jpg,117,86,306,230,Exercise Balls
20211226_130657_jpg.rf.76bd0972819bca3ddd301e3f50ae2dc9.jpg,166,137,299,237,Exercise Balls
20211224_180458_jpg.rf.8675ac80f627148e2b78bfdf0cd43a0a.jpg,32,81,259,191,null
20211224_180458_jpg.rf.8675ac80f627148e2b78bfdf0cd43a0a.jpg,66,47,84,83,null
20211224_180458_jpg.rf.8675ac80f627148e2b78bfdf0cd43a0a.jpg,173,52,193,120,null
20211224_180458_jpg.rf.8675ac80f627148e2b78bfdf0cd43a0a.jpg,91,176,215,232,null
20211224_180458_jpg.rf.8675ac80f627148e2b78bfdf0cd43a0a.jpg,126,236,224,286,null
20211226_131213_jpg.rf.765de983ace3dbf1258526469d589ee4.jpg,100,27,297,314,null
20211226_131213_jpg.rf.765de983ace3dbf1258526469d589ee4.jpg,256,28,299,100,null
20211226_131213_jpg.rf.765de983ace3dbf1258526469d589ee4.jpg,280,143,312,333,null
20211226_131308_jpg.rf.81c7611b6f71673c55420e7410807785.jpg,177,43,296,228,null
20211226_131308_jpg.rf.81c7611b6f71673c55420e7410807785.jpg,292,23,330,117,null
20211226_131308_jpg.rf.81c7611b6f71673c55420e7410807785.jpg,145,131,366,331,null
20211226_131308_jpg.rf.81c7611b6f71673c55420e7410807785.jpg,221,186,255,214,null
20211224_185421_jpg.rf.8c46b841a8d22ae6a32cf7d1674b651e.jpg,192,107,326,266,Kettlebell
20211224_180747_jpg.rf.674a92926ff63fdc415178c06ff316ad.jpg,151,123,313,278,null
20211224_180747_jpg.rf.674a92926ff63fdc415178c06ff316ad.jpg,250,97,368,221,null
20211224_180747_jpg.rf.674a92926ff63fdc415178c06ff316ad.jpg,183,243,267,321,null
20211224_181111_jpg.rf.8fa7b457d96990e5bf8d52904c0a09ec.jpg,125,11,376,342,Assisted Pull Up and Dip Machine
20211224_181111_jpg.rf.8fa7b457d96990e5bf8d52904c0a09ec.jpg,222,351,300,379,Assisted Pull Up and Dip Machine
20211224_181111_jpg.rf.8fa7b457d96990e5bf8d52904c0a09ec.jpg,229,334,280,364,Assisted Pull Up and Dip Machine
20211224_181036_jpg.rf.7cc80377e57a2fcc627141179afaaf32.jpg,108,70,323,298,Assisted Pull Up and Dip Machine
20211224_181036_jpg.rf.7cc80377e57a2fcc627141179afaaf32.jpg,184,200,263,220,Assisted Pull Up and Dip Machine
20211224_181036_jpg.rf.7cc80377e57a2fcc627141179afaaf32.jpg,220,235,313,349,Assisted Pull Up and Dip Machine
20211224_181036_jpg.rf.7cc80377e57a2fcc627141179afaaf32.jpg,155,291,197,368,Assisted Pull Up and Dip Machine
20211224_181114_jpg.rf.4d6b5fcda5a0f039e58df7975a43de68.jpg,118,56,352,344,Assisted Pull Up and Dip Machine
20211224_181114_jpg.rf.4d6b5fcda5a0f039e58df7975a43de68.jpg,217,346,277,381,Assisted Pull Up and Dip Machine
20211224_181114_jpg.rf.4d6b5fcda5a0f039e58df7975a43de68.jpg,187,302,241,328,Assisted Pull Up and Dip Machine
20211224_180425_jpg.rf.8e1fcedf01c1f3c0304be909fc83abf8.jpg,176,27,340,300,null
20211224_180425_jpg.rf.8e1fcedf01c1f3c0304be909fc83abf8.jpg,120,26,328,151,null
20211226_130644_jpg.rf.8fcc617dab141efdecbfebe595890fef.jpg,96,156,293,303,Exercise Balls
20211224_190058_jpg.rf.90591f33d888404ffcab26b8d51b5544.jpg,88,101,384,323,Exercise Balls
20211224_185434_jpg.rf.8d1a57f910eeebb9ea97228b1ea75201.jpg,168,81,296,219,Kettlebell
20211226_130630_jpg.rf.94cbb519b5998b2343e56408786ff6f0.jpg,150,127,316,251,Exercise Balls
20211224_185512_jpg.rf.86bd7d07a8b52a31a69385d659a7c2c7.jpg,166,114,282,248,Kettlebell
20211224_185410_jpg.rf.92800cc97901477c7ad8906bc6c90f7e.jpg,149,127,273,271,Kettlebell
20211226_131231_jpg.rf.8aa9a1ce79d6cc440073428e010843c6.jpg,127,43,298,297,null
20211226_131231_jpg.rf.8aa9a1ce79d6cc440073428e010843c6.jpg,250,128,311,200,null
20211224_180347_jpg.rf.8a45f9650a1f04ea8b08cf1f23ef419e.jpg,109,37,289,195,null
20211224_180347_jpg.rf.8a45f9650a1f04ea8b08cf1f23ef419e.jpg,138,36,152,68,null
20211224_180347_jpg.rf.8a45f9650a1f04ea8b08cf1f23ef419e.jpg,170,202,250,233,null
20211224_180347_jpg.rf.8a45f9650a1f04ea8b08cf1f23ef419e.jpg,275,73,320,111,null
20211224_185453_jpg.rf.84cbbf29ff9dd25fb1c778cd0fb9f44b.jpg,152,130,270,242,Kettlebell
20211224_180310_jpg.rf.9644378fbeedde653f7814b5cb762022.jpg,118,64,316,279,null
20211224_180310_jpg.rf.9644378fbeedde653f7814b5cb762022.jpg,207,79,220,102,null
20211224_180310_jpg.rf.9644378fbeedde653f7814b5cb762022.jpg,181,66,192,106,null
20211224_180310_jpg.rf.9644378fbeedde653f7814b5cb762022.jpg,265,65,275,105,null
20211224_180310_jpg.rf.9644378fbeedde653f7814b5cb762022.jpg,206,65,206,66,null
20211224_185948_jpg.rf.92811e24a413700f9fa67df5f2af8130.jpg,125,97,304,235,Exercise Balls
20211226_130629_jpg.rf.998d096790be19a423e104dbb0fc0228.jpg,130,116,290,236,Exercise Balls
20211226_130644-0-_jpg.rf.91e4b66e1156492f7336fc9b9d227f9b.jpg,151,159,341,299,Exercise Balls
20211224_180513_jpg.rf.962acaa888755bd6ed6faea2ff3dfd16.jpg,128,81,287,187,null
20211224_180513_jpg.rf.962acaa888755bd6ed6faea2ff3dfd16.jpg,170,193,236,215,null
20211224_180513_jpg.rf.962acaa888755bd6ed6faea2ff3dfd16.jpg,258,69,268,94,null
20211224_180513_jpg.rf.962acaa888755bd6ed6faea2ff3dfd16.jpg,188,67,198,108,null
20211224_185940_jpg.rf.87aa2267144a8013c41d4e84c1c61aae.jpg,90,39,369,256,Exercise Balls
20211224_180856_jpg.rf.9d5f26398a4b8d91333cad105359645c.jpg,43,20,283,130,Assisted Pull Up and Dip Machine
20211224_180856_jpg.rf.9d5f26398a4b8d91333cad105359645c.jpg,204,244,250,326,Assisted Pull Up and Dip Machine
20211224_180856_jpg.rf.9d5f26398a4b8d91333cad105359645c.jpg,127,155,205,179,Assisted Pull Up and Dip Machine
20211224_180856_jpg.rf.9d5f26398a4b8d91333cad105359645c.jpg,84,234,146,329,Assisted Pull Up and Dip Machine
20211224_180856_jpg.rf.9d5f26398a4b8d91333cad105359645c.jpg,123,110,205,160,Assisted Pull Up and Dip Machine
20211224_180856_jpg.rf.9d5f26398a4b8d91333cad105359645c.jpg,130,183,266,235,Assisted Pull Up and Dip Machine
20211224_190000_jpg.rf.85b92eeb2603bb738fbf8526f3116624.jpg,126,96,355,267,Exercise Balls
20211224_185408_jpg.rf.93e0f66e10202ef6ad93ccadc96efd60.jpg,156,105,274,246,Kettlebell
20211224_180752_jpg.rf.9958bfea0d55127e6c2a34cbdbd55c76.jpg,123,102,355,354,null
20211224_180752_jpg.rf.9958bfea0d55127e6c2a34cbdbd55c76.jpg,309,93,342,180,null
20211226_130635_jpg.rf.9ac2068d41283d19decce82692b6ae0d.jpg,133,165,296,287,Exercise Balls
20211224_180356_jpg.rf.a442b89e912178c28bfb9b826aca8eef.jpg,90,119,174,212,null
20211224_180356_jpg.rf.a442b89e912178c28bfb9b826aca8eef.jpg,61,44,239,358,null
20211224_180356_jpg.rf.a442b89e912178c28bfb9b826aca8eef.jpg,202,109,339,276,null
20211224_180356_jpg.rf.a442b89e912178c28bfb9b826aca8eef.jpg,231,59,280,109,null
20211224_180729_jpg.rf.a52af227f723bb68e473ee814f838c5c.jpg,149,160,259,216,null
20211224_180729_jpg.rf.a52af227f723bb68e473ee814f838c5c.jpg,132,46,147,86,null
20211224_180729_jpg.rf.a52af227f723bb68e473ee814f838c5c.jpg,229,48,246,97,null
20211224_180729_jpg.rf.a52af227f723bb68e473ee814f838c5c.jpg,112,86,304,163,null
20211224_180729_jpg.rf.a52af227f723bb68e473ee814f838c5c.jpg,288,81,337,122,null
20211224_180729_jpg.rf.a52af227f723bb68e473ee814f838c5c.jpg,178,221,265,259,null
20211224_181116_jpg.rf.9ba6e177d371a222377ff5e22070a5b9.jpg,98,90,313,368,Assisted Pull Up and Dip Machine
20211224_181116_jpg.rf.9ba6e177d371a222377ff5e22070a5b9.jpg,190,225,261,252,Assisted Pull Up and Dip Machine
20211224_181116_jpg.rf.9ba6e177d371a222377ff5e22070a5b9.jpg,157,323,242,402,Assisted Pull Up and Dip Machine
20211224_185501_jpg.rf.a75fff0fa8954501261b32521ab57184.jpg,159,122,257,236,Kettlebell
20211226_131304_jpg.rf.abacf9d2e821a466949388995d6fb56d.jpg,151,51,353,305,null
20211226_131304_jpg.rf.abacf9d2e821a466949388995d6fb56d.jpg,292,39,326,119,null
20211224_180854_jpg.rf.ad9e3160271e2077ae103ba4dbddf63f.jpg,35,23,204,322,Assisted Pull Up and Dip Machine
20211224_180854_jpg.rf.ad9e3160271e2077ae103ba4dbddf63f.jpg,117,156,192,172,Assisted Pull Up and Dip Machine
20211224_180854_jpg.rf.ad9e3160271e2077ae103ba4dbddf63f.jpg,132,229,249,320,Assisted Pull Up and Dip Machine
20211226_131247_jpg.rf.b1400c7e88cd8c66a1ff750f6df74be1.jpg,153,56,336,283,null
20211226_131247_jpg.rf.b1400c7e88cd8c66a1ff750f6df74be1.jpg,282,48,312,118,null
20211226_130618_jpg.rf.a9157546ef2f36b6476edebc064bb776.jpg,167,124,326,243,Exercise Balls
20211224_185955_jpg.rf.af179b4152afb1aff7c367e672b6d50e.jpg,115,83,317,240,Exercise Balls
20211224_180434_jpg.rf.b538279eb7f6ea0e407710ba35e7abed.jpg,38,56,367,208,null
20211224_180434_jpg.rf.b538279eb7f6ea0e407710ba35e7abed.jpg,269,54,292,114,null
20211224_180434_jpg.rf.b538279eb7f6ea0e407710ba35e7abed.jpg,316,141,392,184,null
20211224_180434_jpg.rf.b538279eb7f6ea0e407710ba35e7abed.jpg,144,197,282,251,null
20211224_180434_jpg.rf.b538279eb7f6ea0e407710ba35e7abed.jpg,165,265,272,335,null
20211226_130621_jpg.rf.b87a79e07303b788a8070a8b2a95501f.jpg,86,127,253,255,Exercise Balls
20211224_185930_jpg.rf.ab149372d86c9d2c141855f64ef646fd.jpg,174,92,359,230,Exercise Balls
20211226_131243_jpg.rf.a04baa1854d94d20842c5f007b77c9c5.jpg,168,77,354,307,null
20211226_131243_jpg.rf.a04baa1854d94d20842c5f007b77c9c5.jpg,311,50,340,126,null
20211226_131243_jpg.rf.a04baa1854d94d20842c5f007b77c9c5.jpg,230,64,279,121,null
20211224_185938_jpg.rf.985a4d5960ae71c12ce1cda40e8afc8b.jpg,159,99,334,232,Exercise Balls
20211224_180842_jpg.rf.bb186195fc52ef6b053df6b7731c4661.jpg,105,102,280,363,Assisted Pull Up and Dip Machine
20211224_180842_jpg.rf.bb186195fc52ef6b053df6b7731c4661.jpg,89,80,313,105,Assisted Pull Up and Dip Machine
20211224_180842_jpg.rf.bb186195fc52ef6b053df6b7731c4661.jpg,157,201,229,217,Assisted Pull Up and Dip Machine
20211224_180842_jpg.rf.bb186195fc52ef6b053df6b7731c4661.jpg,221,267,262,367,Assisted Pull Up and Dip Machine
20211226_130638_jpg.rf.bba8c42fa1a8735a6404f39855542270.jpg,153,142,309,258,Exercise Balls
20211226_131306_jpg.rf.80d4dc00e24352072ce88ab339490c1f.jpg,150,44,366,324,null
20211226_131306_jpg.rf.80d4dc00e24352072ce88ab339490c1f.jpg,299,29,343,118,null
20211224_190035_jpg.rf.be73cf40f661a7b75d124d2db6ea4ca9.jpg,127,89,321,236,Exercise Balls
20211224_181121_jpg.rf.b4cf0fd69eb14d78d7bf7c526f37e2b0.jpg,83,88,344,400,Assisted Pull Up and Dip Machine
20211224_181121_jpg.rf.b4cf0fd69eb14d78d7bf7c526f37e2b0.jpg,187,230,277,250,Assisted Pull Up and Dip Machine
20211224_181121_jpg.rf.b4cf0fd69eb14d78d7bf7c526f37e2b0.jpg,188,230,277,252,Assisted Pull Up and Dip Machine
20211224_181121_jpg.rf.b4cf0fd69eb14d78d7bf7c526f37e2b0.jpg,146,309,325,400,Assisted Pull Up and Dip Machine
20211224_181121_jpg.rf.b4cf0fd69eb14d78d7bf7c526f37e2b0.jpg,157,367,203,405,Assisted Pull Up and Dip Machine
20211224_181121_jpg.rf.b4cf0fd69eb14d78d7bf7c526f37e2b0.jpg,191,195,228,211,Assisted Pull Up and Dip Machine
20211224_181121_jpg.rf.b4cf0fd69eb14d78d7bf7c526f37e2b0.jpg,150,181,157,194,Assisted Pull Up and Dip Machine
20211224_181121_jpg.rf.b4cf0fd69eb14d78d7bf7c526f37e2b0.jpg,148,207,173,321,Assisted Pull Up and Dip Machine
20211226_130652_jpg.rf.ad75455ec84788f4fbdbd1237b3c518b.jpg,115,171,315,322,Exercise Balls
20211226_130650_jpg.rf.be77cf96b2454866303f263de8f1d12b.jpg,128,172,326,322,Exercise Balls
20211224_181119_jpg.rf.ab475f9a767844d1d36126a26270cf49.jpg,127,92,334,317,Assisted Pull Up and Dip Machine
20211224_181119_jpg.rf.ab475f9a767844d1d36126a26270cf49.jpg,212,220,288,253,Assisted Pull Up and Dip Machine
20211224_181119_jpg.rf.ab475f9a767844d1d36126a26270cf49.jpg,172,311,249,352,Assisted Pull Up and Dip Machine
20211224_181119_jpg.rf.ab475f9a767844d1d36126a26270cf49.jpg,289,336,342,366,Assisted Pull Up and Dip Machine
20211224_181119_jpg.rf.ab475f9a767844d1d36126a26270cf49.jpg,262,296,317,320,Assisted Pull Up and Dip Machine
20211224_181119_jpg.rf.ab475f9a767844d1d36126a26270cf49.jpg,189,368,244,407,Assisted Pull Up and Dip Machine
20211224_181123_jpg.rf.b6cb8b34407187e580c0b68ea7d677da.jpg,72,91,344,394,Assisted Pull Up and Dip Machine
20211224_181123_jpg.rf.b6cb8b34407187e580c0b68ea7d677da.jpg,168,235,255,259,Assisted Pull Up and Dip Machine
20211224_181123_jpg.rf.b6cb8b34407187e580c0b68ea7d677da.jpg,120,324,161,399,Assisted Pull Up and Dip Machine
20211224_180504_jpg.rf.be7b089e9b45445979ba1d0da7cd08db.jpg,143,103,352,215,null
20211224_180504_jpg.rf.be7b089e9b45445979ba1d0da7cd08db.jpg,138,41,154,100,null
20211224_180504_jpg.rf.be7b089e9b45445979ba1d0da7cd08db.jpg,252,42,275,112,null
20211224_180504_jpg.rf.be7b089e9b45445979ba1d0da7cd08db.jpg,159,228,253,278,null
20211224_180504_jpg.rf.be7b089e9b45445979ba1d0da7cd08db.jpg,75,111,134,151,null
20211224_180504_jpg.rf.be7b089e9b45445979ba1d0da7cd08db.jpg,142,108,266,153,null
20211224_180414_jpg.rf.ba9326a6fd3897c8842b6a404673cdf8.jpg,101,81,259,216,null
20211224_180414_jpg.rf.ba9326a6fd3897c8842b6a404673cdf8.jpg,129,43,142,82,null
20211224_180414_jpg.rf.ba9326a6fd3897c8842b6a404673cdf8.jpg,227,48,244,97,null
20211224_180414_jpg.rf.ba9326a6fd3897c8842b6a404673cdf8.jpg,284,82,336,127,null
20211224_180414_jpg.rf.ba9326a6fd3897c8842b6a404673cdf8.jpg,166,223,256,263,null
20211224_190024_jpg.rf.c08d62916ffa6733faa4e88f9c9861be.jpg,92,121,317,291,Exercise Balls
20211224_190029_jpg.rf.bee23883c83b024deec1e8585855ccc7.jpg,137,118,325,258,Exercise Balls
20211226_131314_jpg.rf.be49b0d3ae6e9a3b3e53ede5e38abed0.jpg,151,7,408,374,null
20211226_131314_jpg.rf.be49b0d3ae6e9a3b3e53ede5e38abed0.jpg,313,12,378,76,null
20211226_131314_jpg.rf.be49b0d3ae6e9a3b3e53ede5e38abed0.jpg,290,134,381,230,null
20211224_190107_jpg.rf.b8cfa4c8cffb408676dbe74815264062.jpg,113,91,353,272,Exercise Balls
20211224_190032_jpg.rf.c36f86acf2846b9df4931d31760f49ee.jpg,85,91,289,246,Exercise Balls
20211226_130641_jpg.rf.c5b050db22841624fc73c394f3196c6f.jpg,111,164,283,292,Exercise Balls
20211224_185446_jpg.rf.c85c6a44705b90381fca1fe934ba3248.jpg,182,84,309,232,Kettlebell
20211224_185952_jpg.rf.c7bda64f65493a5e9be4b85455a6b2d1.jpg,133,121,309,254,Exercise Balls
20211224_185952_jpg.rf.c7bda64f65493a5e9be4b85455a6b2d1.jpg,272,238,282,246,Exercise Balls
20211226_131245_jpg.rf.bd85be5018fe63ec6ffc6b48aae99ce1.jpg,137,55,331,306,null
20211226_131245_jpg.rf.bd85be5018fe63ec6ffc6b48aae99ce1.jpg,279,45,308,122,null
20211226_131249_jpg.rf.bf8528aac527e03ec17998b8d2befd9c.jpg,131,90,344,329,null
20211226_131249_jpg.rf.bf8528aac527e03ec17998b8d2befd9c.jpg,281,64,322,139,null
20211224_180713_jpg.rf.c1f46ee8da9a4060e923111c727d14ec.jpg,116,106,319,315,null
20211224_180713_jpg.rf.c1f46ee8da9a4060e923111c727d14ec.jpg,217,73,254,138,null
20211224_180713_jpg.rf.c1f46ee8da9a4060e923111c727d14ec.jpg,270,82,299,142,null
20211224_180713_jpg.rf.c1f46ee8da9a4060e923111c727d14ec.jpg,290,138,317,180,null
20211224_190012_jpg.rf.cd9f1ec93c9f1cf2ee7a2b00e98ece68.jpg,96,78,331,256,Exercise Balls
20211226_131241_jpg.rf.c9f644f77eb460425a7909de0ae266d4.jpg,169,55,351,282,null
20211226_131241_jpg.rf.c9f644f77eb460425a7909de0ae266d4.jpg,307,44,332,93,null
20211224_185441_jpg.rf.ba538e0d8d70becc593379c021aa58d1.jpg,166,124,297,281,Kettlebell
20211226_131240_jpg.rf.d1186aa4b3dafa190d4b9a8a702a99e9.jpg,143,46,333,305,null
20211226_131240_jpg.rf.d1186aa4b3dafa190d4b9a8a702a99e9.jpg,183,134,224,188,null
20211224_185947_jpg.rf.d0130bf0d98d5035ce58b652626f7f9c.jpg,152,106,331,239,Exercise Balls
20211224_181045_jpg.rf.cc0d55ed387a06a472e050892db0ab03.jpg,102,90,191,159,Assisted Pull Up and Dip Machine
20211224_181045_jpg.rf.cc0d55ed387a06a472e050892db0ab03.jpg,144,193,233,224,Assisted Pull Up and Dip Machine
20211224_181045_jpg.rf.cc0d55ed387a06a472e050892db0ab03.jpg,234,270,276,367,Assisted Pull Up and Dip Machine
20211224_181045_jpg.rf.cc0d55ed387a06a472e050892db0ab03.jpg,113,266,181,348,Assisted Pull Up and Dip Machine
20211224_185502_jpg.rf.cbf17d23037269c1fbf1c90fa5c23df5.jpg,164,107,254,212,Kettlebell
20211226_131233_jpg.rf.ca44699658afde7a0c3e64f507043479.jpg,165,26,354,319,null
20211226_131233_jpg.rf.ca44699658afde7a0c3e64f507043479.jpg,284,8,324,107,null
20211226_131233_jpg.rf.ca44699658afde7a0c3e64f507043479.jpg,132,202,245,267,null
20211224_185523_jpg.rf.d11b737d2a1ff48d91d822a9301fe234.jpg,154,113,278,257,Kettlebell
20211224_185451_jpg.rf.d22b8bc6f610225e2c56480c6106c7bc.jpg,184,124,313,262,Kettlebell
20211224_185526_jpg.rf.d195871ebdee31310504a1d52b0e1809.jpg,165,97,275,231,Kettlebell
20211226_130640_jpg.rf.d3e5b282485993607e7c0da860f9f432.jpg,117,171,276,290,Exercise Balls
20211224_181057_jpg.rf.d16213e36e9a81af9e3be63400ff5f4e.jpg,48,10,303,338,Assisted Pull Up and Dip Machine
20211224_181057_jpg.rf.d16213e36e9a81af9e3be63400ff5f4e.jpg,111,271,189,349,Assisted Pull Up and Dip Machine
20211224_181057_jpg.rf.d16213e36e9a81af9e3be63400ff5f4e.jpg,151,174,242,195,Assisted Pull Up and Dip Machine
20211226_130619_jpg.rf.dbb4b08c5d7474df99ca5c7b6ddf8b6d.jpg,113,139,315,290,Exercise Balls
20211224_181124_jpg.rf.d54c82b0a94de0d1d71abac391a4e0d7.jpg,110,97,353,403,Assisted Pull Up and Dip Machine
20211224_181124_jpg.rf.d54c82b0a94de0d1d71abac391a4e0d7.jpg,185,234,266,254,Assisted Pull Up and Dip Machine
20211224_181124_jpg.rf.d54c82b0a94de0d1d71abac391a4e0d7.jpg,258,316,314,395,Assisted Pull Up and Dip Machine
20211224_190050_jpg.rf.d697020c8b645717e018c503a70eb720.jpg,71,123,373,348,Exercise Balls
20211226_131217_jpg.rf.a52bda502e73378f327f93f974d3d092.jpg,101,34,339,348,null
20211226_131217_jpg.rf.a52bda502e73378f327f93f974d3d092.jpg,246,44,310,126,null
20211226_131217_jpg.rf.a52bda502e73378f327f93f974d3d092.jpg,112,192,163,376,null
20211224_185506_jpg.rf.de282f1031986196f66b8a3ea2d79f9a.jpg,175,120,270,213,Kettlebell
20211226_130702_jpg.rf.da77ac694554ef801558238ea8df9436.jpg,118,153,332,314,Exercise Balls
20211224_180510_jpg.rf.e3abd475d805abf8be6e2675920355ee.jpg,87,51,324,266,null
20211224_180510_jpg.rf.e3abd475d805abf8be6e2675920355ee.jpg,193,50,207,90,null
20211224_180517_jpg.rf.d370de3ac4073d36df6f54292efc292c.jpg,162,48,175,99,null
20211224_180517_jpg.rf.d370de3ac4073d36df6f54292efc292c.jpg,94,88,143,128,null
20211224_180517_jpg.rf.d370de3ac4073d36df6f54292efc292c.jpg,265,53,282,103,null
20211224_180517_jpg.rf.d370de3ac4073d36df6f54292efc292c.jpg,286,89,337,138,null
20211224_180517_jpg.rf.d370de3ac4073d36df6f54292efc292c.jpg,158,224,252,263,null
20211224_180517_jpg.rf.d370de3ac4073d36df6f54292efc292c.jpg,153,168,267,213,null
20211224_180517_jpg.rf.d370de3ac4073d36df6f54292efc292c.jpg,160,112,274,158,null
20211224_185459_jpg.rf.d410ea5e4854b867704f3f557f687ce1.jpg,172,135,268,250,Kettlebell
20211224_180448_jpg.rf.dc88a90988d44fbc2a2796a50b584a00.jpg,110,77,339,323,null
20211224_180448_jpg.rf.dc88a90988d44fbc2a2796a50b584a00.jpg,224,84,229,108,null
20211224_180448_jpg.rf.dc88a90988d44fbc2a2796a50b584a00.jpg,215,87,225,104,null
20211226_131257_jpg.rf.d3460d6a7827c1b73890c654ce9fc99e.jpg,147,48,373,333,null
20211226_131257_jpg.rf.d3460d6a7827c1b73890c654ce9fc99e.jpg,325,35,350,98,null
20211226_131257_jpg.rf.d3460d6a7827c1b73890c654ce9fc99e.jpg,193,143,239,191,null
20211224_180827_jpg.rf.df8eb99623b81e4e01f824be54da3364.jpg,137,39,333,305,Assisted Pull Up and Dip Machine
20211224_180827_jpg.rf.df8eb99623b81e4e01f824be54da3364.jpg,195,274,292,349,Assisted Pull Up and Dip Machine
20211224_180827_jpg.rf.df8eb99623b81e4e01f824be54da3364.jpg,227,177,308,205,Assisted Pull Up and Dip Machine
20211226_131221_jpg.rf.ead8c00fec631cec95c2d814c1c1d814.jpg,125,40,344,319,null
20211226_131221_jpg.rf.ead8c00fec631cec95c2d814c1c1d814.jpg,245,19,302,93,null
20211226_131221_jpg.rf.ead8c00fec631cec95c2d814c1c1d814.jpg,158,3,174,55,null
20211224_180344_jpg.rf.ee15c3b0f84af497e9891cf5331fca42.jpg,88,67,325,229,null
20211224_180344_jpg.rf.ee15c3b0f84af497e9891cf5331fca42.jpg,159,237,252,287,null
20211224_180446_jpg.rf.cfcf048b0f09502ad8f3dabab873bce1.jpg,96,163,298,308,null
20211224_180446_jpg.rf.cfcf048b0f09502ad8f3dabab873bce1.jpg,202,131,224,180,null
20211224_180446_jpg.rf.cfcf048b0f09502ad8f3dabab873bce1.jpg,275,143,298,213,null
20211224_180446_jpg.rf.cfcf048b0f09502ad8f3dabab873bce1.jpg,175,305,212,314,null
20211224_180446_jpg.rf.cfcf048b0f09502ad8f3dabab873bce1.jpg,173,273,188,282,null
20211226_131309_jpg.rf.eb4ba919a94f658ca0329d46b242c270.jpg,117,65,350,341,null
20211226_131309_jpg.rf.eb4ba919a94f658ca0329d46b242c270.jpg,278,37,318,122,null
20211226_131309_jpg.rf.eb4ba919a94f658ca0329d46b242c270.jpg,182,40,238,119,null
20211224_180813_jpg.rf.e8f2ef2cf741e1499fb0cf73342f9bd3.jpg,109,3,338,301,Assisted Pull Up and Dip Machine
20211224_180813_jpg.rf.e8f2ef2cf741e1499fb0cf73342f9bd3.jpg,208,301,269,345,Assisted Pull Up and Dip Machine
20211224_185414_jpg.rf.ec1a65b68cadb2fa888fd03c5c456f25.jpg,133,122,249,235,Kettlebell
20211224_185430_jpg.rf.e40a424e417d018e8406a904b66393bb.jpg,184,128,330,267,Kettlebell
20211224_185525_jpg.rf.e66698fb11416c4a948dc27fefc24409.jpg,160,100,283,244,Kettlebell
20211226_131234_jpg.rf.ea7bc3f9275a22df078630beb79ba579.jpg,137,48,341,310,null
20211226_131234_jpg.rf.ea7bc3f9275a22df078630beb79ba579.jpg,283,35,317,118,null
20211224_185527_jpg.rf.f0dadfc7c389417f5885b4552ff5df4e.jpg,160,115,260,237,Kettlebell
20211224_181108_jpg.rf.f15c83d994a1828aec71c00c436d9d8e.jpg,161,19,322,382,Assisted Pull Up and Dip Machine
20211224_181108_jpg.rf.f15c83d994a1828aec71c00c436d9d8e.jpg,246,177,310,203,Assisted Pull Up and Dip Machine
20211224_181108_jpg.rf.f15c83d994a1828aec71c00c436d9d8e.jpg,284,255,366,327,Assisted Pull Up and Dip Machine
20211224_190055_jpg.rf.ea969f72969418859c7da50de3d4a33d.jpg,66,92,360,310,Exercise Balls
20211224_180417_jpg.rf.f131dec709583fed4b93e6a93ce30876.jpg,137,37,181,87,null
20211224_180417_jpg.rf.f131dec709583fed4b93e6a93ce30876.jpg,255,43,268,88,null
20211224_180417_jpg.rf.f131dec709583fed4b93e6a93ce30876.jpg,303,48,348,91,null
20211224_180417_jpg.rf.f131dec709583fed4b93e6a93ce30876.jpg,160,100,289,188,null
20211224_180417_jpg.rf.f131dec709583fed4b93e6a93ce30876.jpg,193,195,286,218,null
20211224_180330_jpg.rf.fd42680c85c3a389b33e71b14e5a2607.jpg,130,123,361,357,null
20211224_180330_jpg.rf.fd42680c85c3a389b33e71b14e5a2607.jpg,240,94,259,141,null
20211224_180330_jpg.rf.fd42680c85c3a389b33e71b14e5a2607.jpg,315,98,337,154,null
20211224_181037_jpg.rf.f85ad736c0845590902a3b09437396e5.jpg,102,82,317,376,Assisted Pull Up and Dip Machine
20211224_181037_jpg.rf.f85ad736c0845590902a3b09437396e5.jpg,179,206,252,221,Assisted Pull Up and Dip Machine
20211224_181037_jpg.rf.f85ad736c0845590902a3b09437396e5.jpg,218,267,297,353,Assisted Pull Up and Dip Machine
20211224_185931_jpg.rf.f8e97f8993867d1649498813428497b1.jpg,109,120,323,279,Exercise Balls
20211224_190053_jpg.rf.fee9ebaf6adc507639431594c636251a.jpg,152,95,353,244,Exercise Balls
20211226_131230_jpg.rf.f7896f7c97b5e7f69e640985e3d5c637.jpg,112,36,302,313,null
20211226_131230_jpg.rf.f7896f7c97b5e7f69e640985e3d5c637.jpg,234,31,283,118,null
20211226_131230_jpg.rf.f7896f7c97b5e7f69e640985e3d5c637.jpg,281,143,306,262,null
20211226_131230_jpg.rf.f7896f7c97b5e7f69e640985e3d5c637.jpg,157,253,200,269,null
20211224_180824_jpg.rf.ed53e7247ffd419429e1b20b1b573442.jpg,158,52,359,397,Assisted Pull Up and Dip Machine
20211224_180824_jpg.rf.ed53e7247ffd419429e1b20b1b573442.jpg,283,266,365,314,Assisted Pull Up and Dip Machine
20211224_181100_jpg.rf.fc378a821722bca8adc165225fbc436f.jpg,81,14,311,369,Assisted Pull Up and Dip Machine
20211226_131228_jpg.rf.fed805145bba8b8685e397cb53d32ffd.jpg,105,20,341,337,null
20211226_131228_jpg.rf.fed805145bba8b8685e397cb53d32ffd.jpg,236,25,307,117,null
20211226_131228_jpg.rf.fed805145bba8b8685e397cb53d32ffd.jpg,174,241,279,293,null
20211224_180422_jpg.rf.f544e68d9f0ab9e0da05ffa57ad17c99.jpg,130,42,339,299,null
20211224_180422_jpg.rf.f544e68d9f0ab9e0da05ffa57ad17c99.jpg,311,34,356,155,null
20211224_180422_jpg.rf.f544e68d9f0ab9e0da05ffa57ad17c99.jpg,215,41,230,103,null
20211224_180422_jpg.rf.f544e68d9f0ab9e0da05ffa57ad17c99.jpg,241,51,250,63,null
20211226_131218_jpg.rf.f899f6d49be4962d7952785dcf256f14.jpg,120,28,366,330,null
20211226_131218_jpg.rf.f899f6d49be4962d7952785dcf256f14.jpg,256,38,325,122,null
20211226_131218_jpg.rf.f899f6d49be4962d7952785dcf256f14.jpg,261,138,344,172,null
20211224_181041_jpg.rf.ffec30703ef339c757a26926c894f3a4.jpg,91,90,304,369,Assisted Pull Up and Dip Machine
20211224_181041_jpg.rf.ffec30703ef339c757a26926c894f3a4.jpg,160,209,230,228,Assisted Pull Up and Dip Machine
20211224_181041_jpg.rf.ffec30703ef339c757a26926c894f3a4.jpg,215,278,267,366,Assisted Pull Up and Dip Machine
20211224_181041_jpg.rf.ffec30703ef339c757a26926c894f3a4.jpg,235,283,262,298,Assisted Pull Up and Dip Machine
20211224_181030_jpg.rf.fe219d21724fa4e2edc6d028fc041bb7.jpg,120,73,329,338,Assisted Pull Up and Dip Machine
20211224_181030_jpg.rf.fe219d21724fa4e2edc6d028fc041bb7.jpg,188,201,276,221,Assisted Pull Up and Dip Machine
20211224_181030_jpg.rf.fe219d21724fa4e2edc6d028fc041bb7.jpg,151,289,245,361,Assisted Pull Up and Dip Machine
20211224_181030_jpg.rf.fe219d21724fa4e2edc6d028fc041bb7.jpg,120,73,311,106,Assisted Pull Up and Dip Machine
